{
  "type": "FeatureCollection",
  "features": [
    {
      "type": "Feature",
      "properties": {},
      "geometry": {
        "coordinates": [
          [
            77.96595461952757,
            30.415710998070608
          ],
          [
            77.96617532024698,
            30.414862119732476
          ],
          [
            77.96776858098434,
            30.411963660562378
          ],
          [
            77.96850619139326,
            30.41058883433213
          ],
          [
            77.96927206553772,
            30.409411648182257
          ],
          [
            77.96959536641162,
            30.409232403666692
          ],
          [
            77.9699071208259,
            30.40907971363424
          ],
          [
            77.97004952716344,
            30.408565212855507
          ],
          [
            77.97005735583616,
            30.407607748180723
          ],
          [
            77.97016460027169,
            30.406908912877924
          ],
          [
            77.97005335717762,
            30.406127717819686
          ],
          [
            77.96991576775855,
            30.40557096621771
          ],
          [
            77.96972110975304,
            30.404402791759622
          ],
          [
            77.96893980131222,
            30.402015053927798
          ],
          [
            77.9687623912734,
            30.4008187441747
          ],
          [
            77.96918172409374,
            30.39998410078435
          ],
          [
            77.96940751880925,
            30.39951113297738
          ],
          [
            77.96898818598885,
            30.396951503037414
          ],
          [
            77.96852354935658,
            30.394357981875004
          ],
          [
            77.96808084062104,
            30.392257705126852
          ],
          [
            77.96926139724974,
            30.39082567236251
          ],
          [
            77.96915072006504,
            30.38983914869199
          ],
          [
            77.96966721359104,
            30.389170852803545
          ],
          [
            77.96981478316877,
            30.38834343251206
          ],
          [
            77.97099533979741,
            30.38710228893737
          ],
          [
            77.97146725397278,
            30.386994123943325
          ],
          [
            77.9718075984108,
            30.386777793555382
          ],
          [
            77.97187924987657,
            30.386422392663818
          ],
          [
            77.97300776053879,
            30.3865769149497
          ],
          [
            77.9734197564947,
            30.385727039352403
          ],
          [
            77.97393922965625,
            30.38555706334536
          ],
          [
            77.97381383958327,
            30.38504713355202
          ],
          [
            77.97429748700995,
            30.384336317884717
          ],
          [
            77.97440496201028,
            30.3830382997688
          ],
          [
            77.97526477965806,
            30.381601181037823
          ],
          [
            77.97589173002513,
            30.381106683684266
          ],
          [
            77.9763574645844,
            30.38014858794135
          ],
          [
            77.97642911605516,
            30.379715896462955
          ],
          [
            77.976052945834,
            30.378726880176217
          ],
          [
            77.97616042304065,
            30.377768761105514
          ],
          [
            77.97625345905817,
            30.377146720106268
          ],
          [
            77.97642790277956,
            30.37631398153563
          ],
          [
            77.97778537311785,
            30.37496225361079
          ],
          [
            77.97652927891306,
            30.37283695268725
          ],
          [
            77.97618771063895,
            30.372574301304986
          ],
          [
            77.97570023761318,
            30.37243753012416
          ],
          [
            77.97493685732027,
            30.371699844334536
          ],
          [
            77.97444736782178,
            30.371082990201582
          ],
          [
            77.97417347702856,
            30.370280124002548
          ],
          [
            77.97347539297175,
            30.368658439551055
          ],
          [
            77.97252824466119,
            30.367323269941295
          ],
          [
            77.97018679782059,
            30.36409813767611
          ],
          [
            77.9690395840675,
            30.363097728525254
          ],
          [
            77.96863430427072,
            30.362446503000072
          ],
          [
            77.96807668956828,
            30.36177144854646
          ],
          [
            77.96751907486583,
            30.36074720537679
          ],
          [
            77.9662532504814,
            30.358791763644877
          ],
          [
            77.96580582177931,
            30.357362965280565
          ],
          [
            77.96529094453268,
            30.35622517080057
          ],
          [
            77.964189097417,
            30.354913004604157
          ],
          [
            77.96301578038077,
            30.3537078570521
          ],
          [
            77.96066897489794,
            30.351183970535743
          ],
          [
            77.95887456137206,
            30.34968990233675
          ],
          [
            77.95472468618416,
            30.347105819038966
          ],
          [
            77.95352657962503,
            30.344940666912134
          ],
          [
            77.95307040702221,
            30.34347401014628
          ]
        ],
        "type": "LineString"
      }
    }
  ]
}