{
  "type": "FeatureCollection",
  "features": [
    {
      "type": "Feature",
      "properties": {},
      "geometry": {
        "coordinates": [
          [
            77.95327264910469,
            30.34337722139969
          ],
          [
            77.9544497406813,
            30.343081702195633
          ],
          [
            77.95469830887845,
            30.34280343673602
          ],
          [
            77.95490905283526,
            30.341499984018398
          ],
          [
            77.9558222766521,
            30.33890818344419
          ],
          [
            77.95638426053887,
            30.33816549109845
          ],
          [
            77.95652475651082,
            30.337392478795877
          ],
          [
            77.95641938453133,
            30.336725561316243
          ],
          [
            77.9569286832633,
            30.336376943468508
          ],
          [
            77.95771897310323,
            30.33663461758725
          ],
          [
            77.95821070900513,
            30.336771033022558
          ],
          [
            77.9596156687216,
            30.336346628822128
          ],
          [
            77.96232021617732,
            30.336210212795535
          ],
          [
            77.9633388116012,
            30.335998008905065
          ]
        ],
        "type": "LineString"
      }
    }
  ]
}