{
  "type": "FeatureCollection",
  "features": [
    {
      "type": "Feature",
      "properties": {},
      "geometry": {
        "coordinates": [
          [
            77.96414001798428,
            30.33611540325363
          ],
          [
            77.96523441819784,
            30.336075038098258
          ],
          [
            77.97001567147004,
            30.336326530144518
          ],
          [
            77.97249523509595,
            30.33643489009458
          ],
          [
            77.97349196431941,
            30.336076433483527
          ],
          [
            77.97440155968138,
            30.33546459194558
          ],
          [
            77.97554475459509,
            30.33478481790901
          ],
          [
            77.97764763682449,
            30.333988628912664
          ],
          [
            77.97971582770919,
            30.333355016971467
          ],
          [
            77.98153777448704,
            30.33271167670594
          ],
          [
            77.98240847567814,
            30.332236503620507
          ],
          [
            77.98903623543885,
            30.33227721823195
          ],
          [
            77.99851113577955,
            30.33271165802786
          ],
          [
            78.00841753527641,
            30.333305853877874
          ],
          [
            78.00943323191098,
            30.33330049806196
          ],
          [
            78.01065788703454,
            30.33340270702287
          ]
        ],
        "type": "LineString"
      }
    }
  ]
}