{
  "type": "FeatureCollection",
  "features": [
    {
      "type": "Feature",
      "properties": {},
      "geometry": {
        "coordinates": [
          [
            78.01084197457061,
            30.333366514040534
          ],
          [
            78.01384905471184,
            30.333596316197685
          ],
          [
            78.01435023473641,
            30.33361659283335
          ],
          [
            78.01969874436588,
            30.333853153683023
          ],
          [
            78.02121011537525,
            30.33338003224729
          ],
          [
            78.02610445904872,
            30.333609834738837
          ],
          [
            78.02660563907125,
            30.33349493374311
          ],
          [
            78.02800737694997,
            30.3325013724519
          ],
          [
            78.03044279375229,
            30.329878866799902
          ],
          [
            78.03308178933122,
            30.326992695111812
          ],
          [
            78.03337936497007,
            30.326729080698655
          ],
          [
            78.03451484073832,
            30.326222131934898
          ],
          [
            78.03668401052744,
            30.32614777863867
          ],
          [
            78.03957360734188,
            30.32552591877183
          ],
          [
            78.04055247457569,
            30.32475534003035
          ],
          [
            78.04091269771658,
            30.32438356741686
          ],
          [
            78.04164880587592,
            30.32429569368341
          ]
        ],
        "type": "LineString"
      }
    }
  ]
}