{
  "type": "FeatureCollection",
  "features": [
    {
      "type": "Feature",
      "properties": {},
      "geometry": {
        "coordinates": [
          [
            78.0421092096268,
            30.324561126196002
          ],
          [
            78.04247189767455,
            30.32508764281576
          ],
          [
            78.0437083346759,
            30.325998369447788
          ],
          [
            78.04473869665622,
            30.326528435071623
          ],
          [
            78.04513847779941,
            30.327022923938216
          ],
          [
            78.04613587013017,
            30.328577524083926
          ],
          [
            78.04718684067961,
            30.330018263065853
          ],
          [
            78.04881893509429,
            30.33165818744905
          ],
          [
            78.05001828099427,
            30.33264355538313
          ],
          [
            78.05095385133598,
            30.33329453203936
          ],
          [
            78.05247878899934,
            30.334400825705032
          ],
          [
            78.05405318520485,
            30.33537905032253
          ],
          [
            78.05539265593654,
            30.33644263372939
          ],
          [
            78.05694231699675,
            30.337488416794216
          ],
          [
            78.05845488620935,
            30.338406134916355
          ],
          [
            78.05884641831409,
            30.338704920008226
          ],
          [
            78.05960476605202,
            30.33953726394614
          ],
          [
            78.06033013690609,
            30.340419391231194
          ],
          [
            78.06068046059085,
            30.341671439550552
          ],
          [
            78.06108024209954,
            30.34309776028239
          ],
          [
            78.06178913018164,
            30.345093144688704
          ],
          [
            78.06206938749125,
            30.345779601352476
          ],
          [
            78.0622919460676,
            30.346921322169237
          ],
          [
            78.06227958133877,
            30.349958730907915
          ],
          [
            78.06225073053349,
            30.350481551913404
          ],
          [
            78.06234140254651,
            30.350961693427237
          ],
          [
            78.06265875458882,
            30.351847281593052
          ],
          [
            78.06307089701454,
            30.352910681379058
          ],
          [
            78.06326872685867,
            30.353309011282192
          ],
          [
            78.06390754766079,
            30.354973435829308
          ],
          [
            78.06415895642238,
            30.355300628613207
          ],
          [
            78.06520992385947,
            30.356349768503776
          ],
          [
            78.06564267664498,
            30.35676942271182
          ],
          [
            78.06593117442048,
            30.357029033386823
          ],
          [
            78.06624028355475,
            30.357708298563082
          ],
          [
            78.06688322219532,
            30.358792968989803
          ],
          [
            78.06697801566327,
            30.359084586008052
          ],
          [
            78.06723354587996,
            30.359781618283634
          ],
          [
            78.06740664667632,
            30.360958737379107
          ],
          [
            78.06743137340334,
            30.36119700155396
          ],
          [
            78.067773454178,
            30.362075384689263
          ],
          [
            78.0680042556624,
            30.362477233452864
          ],
          [
            78.06835045381399,
            30.36300354055446
          ],
          [
            78.06862246985088,
            30.363366267927603
          ],
          [
            78.06889448588771,
            30.363657871311077
          ],
          [
            78.06963634026238,
            30.364461544291217
          ],
          [
            78.07022570834158,
            30.365186986876182
          ],
          [
            78.07082331933083,
            30.3659088680283
          ],
          [
            78.07166409549353,
            30.3668974477997
          ],
          [
            78.07214630551272,
            30.367420180557644
          ],
          [
            78.07306951214548,
            30.368227392539183
          ],
          [
            78.07372070205031,
            30.368597212443774
          ],
          [
            78.07456972151755,
            30.369130606770383
          ],
          [
            78.07494477393249,
            30.369518202863205
          ],
          [
            78.075377526718,
            30.369952024190084
          ],
          [
            78.0764985635106,
            30.370759213406714
          ],
          [
            78.07678294391059,
            30.370993900893595
          ],
          [
            78.07734346354289,
            30.37148461075742
          ]
        ],
        "type": "LineString"
      }
    },
    {
      "type": "Feature",
      "properties": {},
      "geometry": {
        "coordinates": [
          [
            78.06794523686483,
            30.339578643674116
          ],
          [
            78.06825477813516,
            30.33877719456025
          ]
        ],
        "type": "LineString"
      }
    }
  ]
}