{
  "type": "FeatureCollection",
  "features": [
    {
      "type": "Feature",
      "properties": {},
      "geometry": {
        "coordinates": [
          [
            78.07737731748739,
            30.371622774331712
          ],
          [
            78.07740356246097,
            30.372718700216566
          ],
          [
            78.07768175918505,
            30.373253072845287
          ],
          [
            78.0779486548949,
            30.373480068714215
          ],
          [
            78.078069600336,
            30.373971981568076
          ],
          [
            78.07783922806715,
            30.374260171786915
          ],
          [
            78.0774245579828,
            30.374344641172954
          ],
          [
            78.07684862730935,
            30.37412104558041
          ],
          [
            78.07641091999835,
            30.373971981568076
          ],
          [
            78.07581771140502,
            30.37406638880232
          ],
          [
            78.07603080575382,
            30.374816674633664
          ],
          [
            78.07624646016131,
            30.375429957951198
          ],
          [
            78.07665381507752,
            30.376973485357738
          ],
          [
            78.07659790593442,
            30.378709925272645
          ],
          [
            78.07623049471528,
            30.37955746182307
          ],
          [
            78.07539982769754,
            30.38073573505436
          ],
          [
            78.0751122884817,
            30.38143166581655
          ],
          [
            78.07489663407085,
            30.382003565604606
          ],
          [
            78.07468896850185,
            30.38263058534649
          ],
          [
            78.07460110929821,
            30.383705465380885
          ],
          [
            78.0743375316834,
            30.38508349941199
          ],
          [
            78.07410590738061,
            30.386888698105423
          ],
          [
            78.07426565138923,
            30.38774305366158
          ],
          [
            78.0743774756358,
            30.389079691508854
          ],
          [
            78.07474488685693,
            30.38949308102137
          ],
          [
            78.07453721964436,
            30.389899579002318
          ],
          [
            78.07401006441665,
            30.390106272242235
          ],
          [
            78.07296374078624,
            30.39022339942376
          ],
          [
            78.07253243196243,
            30.39043698172277
          ],
          [
            78.07246853435777,
            30.391119064003945
          ],
          [
            78.07262827836638,
            30.391746024324377
          ],
          [
            78.0730516010799,
            30.393530428535584
          ],
          [
            78.07306757548247,
            30.394026473139675
          ],
          [
            78.07321134509044,
            30.394253826075357
          ],
          [
            78.07423370674655,
            30.394756756446327
          ],
          [
            78.07511229879486,
            30.39525968422781
          ],
          [
            78.07643817782673,
            30.396196637579905
          ]
        ],
        "type": "LineString"
      }
    }
  ]
}